{
  "$schema": "https://schema.management.azure.com/schemas/2019-04-01/deploymentParameters.json#",
  "contentVersion": "1.0.0.0",
  "parameters": {
    "projectName": {
      "value": "wikiquizapi"
    },
    "environmentName": {
      "value": "Development"
    },
    "containerImage": {
      "value": "your container image"
    },
    "containerPort": {
      "value": 8080
    },
    "postgresAdminLogin": {
      "value": "pgadmin"
    },
    "postgresAdminPassword": {
      "value": null
    },
    "postgresDatabaseName": {
      "value": "WikiQuizGenerator"
    },
    "openAiApiKey": {
      "value": null
    },
    "googleClientId": {
      "value": null
    },
    "googleClientSecret": {
      "value": null
    },
    "FrontendUrl": {
      "value": "https://yoursite.com"
    },
    "jwtIssuer": {
      "value": "https://https://yoursite.com/"
    },
    "jwtAudience": {
      "value": "https://yoururl.net"
    },
    "jwtSecret": {
      "value": null
    }
  }
}
